{
    "Simple": {
        "LLM": {
            "gpt-4o": {
                "cfr": 1,
                "ast": [
                    2.55,
                    2.55,
                    10
                ],
                "iar": 0.0,
                "latency": [
                    1.9491867499964428,
                    2.043077349982923,
                    4.0786711999971885
                ]
            },
            "gpt-4o-mini": {
                "cfr": 0,
                "ast": [
                    2.55,
                    2.55,
                    2.55
                ],
                "iar": 0.0,
                "latency": [
                    2.6919108999936725,
                    1.8895604499994079,
                    2.332098099992436
                ]
            }
        },
        "APEX": {
            "gpt-4o": {
                "cfr": 3,
                "ast": [
                    10,
                    10,
                    10
                ],
                "iar": 0.0,
                "latency": [
                    5.323394599981839,
                    5.016677499996149,
                    5.534538699968834
                ]
            },
            "gpt-4o-mini": {
                "cfr": 3,
                "ast": [
                    10,
                    10,
                    10
                ],
                "iar": 0.0,
                "latency": [
                    5.800384400019539,
                    5.784335599993938,
                    7.090748600006918
                ]
            }
        },
        "VLM": {
            "gpt-4o": {
                "cfr": 1,
                "ast": [
                    2.55,
                    2.55,
                    10
                ],
                "iar": 0.0,
                "latency": [
                    8.100983699994686,
                    6.083536850004748,
                    14.794123700019554
                ]
            }
        }
    },
    "Medium": {
        "LLM": {
            "gpt-4o": {
                "cfr": 0,
                "ast": [
                    3.11,
                    3.11,
                    3.11
                ],
                "iar": 0.0,
                "latency": [
                    1.8480687999981456,
                    2.102036700001918,
                    2.3622142499953043
                ]
            },
            "gpt-4o-mini": {
                "cfr": 0,
                "ast": [
                    1.86,
                    1.86,
                    1.86
                ],
                "iar": 0.0,
                "latency": [
                    2.072404849990562,
                    2.272244599975238,
                    1.9820906999957515
                ]
            }
        },
        "APEX": {
            "gpt-4o": {
                "cfr": 3,
                "ast": [
                    10,
                    10,
                    10
                ],
                "iar": 0.0,
                "latency": [
                    5.5150718000368215,
                    14.09484649998194,
                    18.270783600004506
                ]
            },
            "gpt-4o-mini": {
                "cfr": 0,
                "ast": [
                    5.31,
                    5.31,
                    5.31
                ],
                "iar": 0.0,
                "latency": [
                    2.0683313499830547,
                    3.7719900500014774,
                    3.2403876500029583
                ]
            }
        },
        "VLM": {
            "gpt-4o": {
                "cfr": 0,
                "ast": [
                    5.05,
                    6.66,
                    4.2
                ],
                "iar": 1.0,
                "latency": [
                    6.089274600002682,
                    7.347959999991872,
                    5.085746299992024
                ]
            }
        }
    },
    "Hard": {
        "LLM": {
            "gpt-4o": {
                "cfr": 0,
                "ast": [
                    3.49,
                    2.25,
                    4.59
                ],
                "iar": 0.0,
                "latency": [
                    6.220785249992332,
                    7.823855700000422,
                    7.443254799982242
                ]
            },
            "gpt-4o-mini": {
                "cfr": 0,
                "ast": [
                    3.13,
                    3.13,
                    3.13
                ],
                "iar": 0.0,
                "latency": [
                    2.2718333499942673,
                    2.1124908500132733,
                    2.1460382500081323
                ]
            }
        },
        "APEX": {
            "gpt-4o": {
                "cfr": 3,
                "ast": [
                    10,
                    10,
                    10
                ],
                "iar": 0.0,
                "latency": [
                    4.775597100000596,
                    21.94821509999747,
                    20.097463199999765
                ]
            },
            "gpt-4o-mini": {
                "cfr": 3,
                "ast": [
                    10,
                    10,
                    10
                ],
                "iar": 0.0,
                "latency": [
                    4.505402299968409,
                    5.578513899978134,
                    5.2944082999893
                ]
            }
        },
        "VLM": {
            "gpt-4o": {
                "cfr": 0,
                "ast": [
                    3.12,
                    3.16,
                    3.12
                ],
                "iar": 6.0,
                "latency": [
                    4.136275900003966,
                    5.517806900010328,
                    1.3709682499975315
                ]
            }
        }
    }
}